Project_Type,Hours_Estimated,Team_Size,Company_Size,Experience_Required,Project_Cost
UI/UX Design,371,4,Enterprise,Senior,33099.76
SEO,261,1,Mid-Market,Senior,17838.09
Data Science,343,4,Mid-Market,Mid-Level,22292.33
SEO,238,4,Enterprise,Senior,20733.87
SEO,211,4,Mid-Market,Junior,5482.19
Mobile App,36,1,Enterprise,Mid-Level,3062.24
Data Science,31,4,Mid-Market,Mid-Level,4089.85
Data Science,425,1,Startup,Senior,41814.08
Data Science,420,4,Startup,Mid-Level,23839.71
SEO,413,5,Mid-Market,Senior,24692.96
UI/UX Design,393,4,Enterprise,Junior,10831.26
Data Science,212,2,Startup,Senior,22306.0
SEO,41,4,Enterprise,Mid-Level,3892.52
Mobile App,493,3,Mid-Market,Junior,13795.21
UI/UX Design,139,4,Enterprise,Senior,14246.97
Mobile App,229,2,Startup,Junior,5833.99
UI/UX Design,325,2,Enterprise,Junior,6660.92
SEO,289,1,Enterprise,Mid-Level,14216.5
Web Development,211,5,Mid-Market,Junior,7289.23
UI/UX Design,194,4,Mid-Market,Mid-Level,11033.74
Mobile App,304,1,Mid-Market,Junior,7626.86
SEO,223,5,Startup,Senior,12403.4
UI/UX Design,183,4,Startup,Junior,4995.29
Web Development,270,3,Mid-Market,Senior,22987.97
Web Development,246,4,Mid-Market,Senior,21367.15
Data Science,455,2,Startup,Junior,10945.0
Data Science,400,2,Startup,Senior,34600.43
Mobile App,479,3,Startup,Junior,11215.37
UI/UX Design,26,1,Startup,Junior,899.48
UI/UX Design,48,5,Mid-Market,Senior,6025.65
Data Science,414,4,Startup,Senior,38707.38
UI/UX Design,52,2,Mid-Market,Mid-Level,2881.71
UI/UX Design,153,1,Enterprise,Senior,12769.71
Web Development,386,3,Enterprise,Mid-Level,22815.23
Data Science,98,2,Startup,Senior,9461.69
SEO,435,3,Enterprise,Junior,9001.42
Data Science,454,4,Enterprise,Senior,77437.09
SEO,478,5,Enterprise,Junior,11130.93
Web Development,77,2,Startup,Junior,2353.22
Mobile App,490,2,Startup,Junior,10778.74
UI/UX Design,45,4,Enterprise,Mid-Level,4438.99
Web Development,449,1,Mid-Market,Senior,42401.79
UI/UX Design,245,5,Enterprise,Junior,7495.85
Mobile App,304,2,Startup,Junior,7346.8
Mobile App,23,5,Startup,Mid-Level,3464.03
Web Development,484,2,Startup,Senior,39940.15
Mobile App,118,5,Enterprise,Senior,16665.63
SEO,416,3,Mid-Market,Mid-Level,15663.84
Mobile App,58,2,Startup,Mid-Level,3612.22
UI/UX Design,290,5,Startup,Senior,18855.04
UI/UX Design,394,1,Enterprise,Mid-Level,19670.74
UI/UX Design,304,3,Mid-Market,Senior,21264.26
UI/UX Design,176,3,Enterprise,Senior,20375.79
SEO,94,1,Startup,Junior,1563.21
Data Science,391,5,Mid-Market,Junior,14491.68
Web Development,307,4,Mid-Market,Senior,29153.99
UI/UX Design,149,1,Startup,Senior,10030.32
Mobile App,194,5,Mid-Market,Senior,20003.48
UI/UX Design,481,1,Mid-Market,Senior,34417.94
Mobile App,103,1,Enterprise,Senior,12839.98
Mobile App,41,2,Startup,Senior,3665.45
UI/UX Design,478,5,Startup,Mid-Level,18819.66
SEO,46,4,Startup,Senior,4364.27
Mobile App,214,2,Startup,Mid-Level,11576.59
Mobile App,356,1,Startup,Mid-Level,14613.18
UI/UX Design,401,1,Mid-Market,Senior,32515.28
Mobile App,255,1,Enterprise,Senior,36013.15
Mobile App,459,5,Startup,Mid-Level,22422.14
UI/UX Design,111,5,Enterprise,Mid-Level,7075.47
UI/UX Design,496,2,Enterprise,Senior,45045.97
Web Development,40,4,Mid-Market,Senior,5771.48
SEO,322,2,Startup,Mid-Level,10549.08
SEO,483,3,Mid-Market,Mid-Level,20093.68
Mobile App,376,1,Startup,Mid-Level,16598.36
SEO,462,1,Mid-Market,Junior,7726.83
Mobile App,103,1,Enterprise,Mid-Level,6380.4
Web Development,281,2,Startup,Junior,5853.31
UI/UX Design,166,2,Enterprise,Senior,18215.17
UI/UX Design,460,1,Enterprise,Senior,39461.97
UI/UX Design,472,2,Mid-Market,Mid-Level,19774.1
SEO,406,5,Startup,Senior,22635.02
Web Development,276,5,Enterprise,Senior,32410.01
SEO,77,2,Mid-Market,Senior,5659.74
SEO,399,1,Startup,Senior,22831.42
Web Development,441,2,Startup,Junior,8106.33
Web Development,34,2,Enterprise,Junior,1658.63
Web Development,181,2,Startup,Mid-Level,7804.48
Web Development,464,3,Enterprise,Mid-Level,31348.5
UI/UX Design,182,5,Startup,Mid-Level,7717.45
Data Science,339,4,Mid-Market,Senior,44342.7
Data Science,300,4,Enterprise,Senior,57364.21
Web Development,299,3,Enterprise,Junior,9361.12
Data Science,31,2,Startup,Junior,1828.94
Data Science,293,3,Startup,Mid-Level,16622.42
Web Development,290,3,Enterprise,Junior,9026.45
Data Science,227,1,Startup,Junior,5836.52
SEO,46,5,Mid-Market,Junior,3207.51
Mobile App,91,4,Startup,Junior,3721.39
Mobile App,79,2,Mid-Market,Junior,2586.82
Web Development,449,4,Mid-Market,Mid-Level,21536.46
UI/UX Design,492,4,Mid-Market,Mid-Level,24591.71
Web Development,164,5,Mid-Market,Junior,5463.91
UI/UX Design,112,4,Mid-Market,Mid-Level,6052.4
Mobile App,328,4,Startup,Senior,27344.6
Web Development,27,3,Mid-Market,Junior,2046.0
SEO,98,5,Startup,Senior,7707.0
Data Science,46,1,Mid-Market,Mid-Level,3569.68
UI/UX Design,193,2,Enterprise,Mid-Level,11234.47
Data Science,69,4,Mid-Market,Senior,9989.47
Data Science,218,2,Enterprise,Mid-Level,17688.97
Web Development,406,1,Mid-Market,Junior,8562.03
Data Science,368,2,Mid-Market,Senior,48359.82
SEO,467,1,Mid-Market,Junior,8356.85
Data Science,447,3,Enterprise,Senior,59069.05
Web Development,200,4,Enterprise,Mid-Level,13994.75
SEO,43,1,Mid-Market,Senior,3006.31
Mobile App,335,2,Startup,Senior,30309.76
Data Science,397,4,Mid-Market,Junior,14298.59
Web Development,406,3,Enterprise,Mid-Level,27379.76
Mobile App,423,4,Mid-Market,Junior,12173.49
Mobile App,65,1,Enterprise,Mid-Level,5032.86
UI/UX Design,34,3,Enterprise,Junior,2414.61
SEO,172,2,Enterprise,Senior,16702.48
Data Science,241,3,Mid-Market,Junior,8815.21
Web Development,225,3,Enterprise,Mid-Level,14399.69
UI/UX Design,474,5,Enterprise,Mid-Level,23195.66
SEO,292,3,Mid-Market,Senior,20794.55
UI/UX Design,401,3,Enterprise,Mid-Level,22346.41
SEO,255,4,Mid-Market,Junior,6306.01
SEO,359,2,Enterprise,Senior,33431.0
Data Science,247,4,Startup,Mid-Level,16982.47
SEO,28,4,Startup,Mid-Level,2833.58
UI/UX Design,185,1,Enterprise,Junior,4376.03
SEO,451,4,Startup,Junior,6532.04
Data Science,463,5,Mid-Market,Senior,53477.97
Data Science,338,5,Startup,Mid-Level,23185.88
UI/UX Design,233,1,Enterprise,Junior,6946.4
Mobile App,136,2,Enterprise,Senior,17569.02
Mobile App,405,2,Mid-Market,Mid-Level,19674.88
SEO,363,4,Enterprise,Mid-Level,17886.85
Web Development,91,4,Mid-Market,Senior,10108.32
SEO,414,4,Startup,Senior,21944.04
UI/UX Design,83,2,Startup,Junior,2265.61
UI/UX Design,224,3,Mid-Market,Mid-Level,10724.92
UI/UX Design,228,5,Mid-Market,Mid-Level,12389.62
UI/UX Design,91,3,Enterprise,Mid-Level,7162.19
UI/UX Design,296,3,Startup,Senior,19555.15
Data Science,293,2,Mid-Market,Junior,9919.14
Mobile App,497,3,Startup,Mid-Level,27110.7
UI/UX Design,339,1,Mid-Market,Senior,25761.19
Web Development,357,4,Startup,Mid-Level,13832.9
Web Development,385,1,Enterprise,Junior,11198.15
Web Development,114,5,Startup,Mid-Level,6787.64
Web Development,185,4,Startup,Junior,4868.86
Data Science,51,3,Startup,Junior,2660.65
Web Development,30,5,Startup,Mid-Level,3547.79
UI/UX Design,320,4,Startup,Mid-Level,11816.54
SEO,236,3,Enterprise,Junior,6278.34
Web Development,308,1,Mid-Market,Senior,23063.35
Data Science,121,4,Startup,Junior,5016.14
Data Science,444,3,Enterprise,Mid-Level,41673.47
Web Development,411,1,Startup,Mid-Level,15806.76
SEO,286,5,Startup,Senior,17051.87
Web Development,233,5,Mid-Market,Junior,7077.21
Data Science,198,5,Startup,Junior,7937.24
Mobile App,107,5,Enterprise,Junior,5860.9
UI/UX Design,60,2,Enterprise,Mid-Level,4558.22
Data Science,420,4,Mid-Market,Junior,13344.52
Web Development,95,4,Startup,Senior,8438.22
UI/UX Design,396,2,Enterprise,Mid-Level,20317.59
Web Development,65,3,Startup,Mid-Level,3709.86
Web Development,179,3,Startup,Junior,4246.03
Mobile App,482,5,Startup,Senior,37760.75
UI/UX Design,99,1,Mid-Market,Mid-Level,4321.21
UI/UX Design,329,3,Startup,Mid-Level,13457.17
Mobile App,105,1,Enterprise,Junior,3790.88
Data Science,111,4,Startup,Junior,4723.95
Web Development,167,1,Enterprise,Senior,17074.0
SEO,180,4,Startup,Junior,4501.44
Web Development,221,2,Enterprise,Senior,24800.06
Web Development,443,2,Enterprise,Mid-Level,26114.9
Data Science,435,5,Startup,Senior,37644.03
Web Development,261,3,Startup,Senior,18565.3
Mobile App,372,5,Enterprise,Senior,51598.23
Mobile App,21,4,Mid-Market,Mid-Level,3023.0
UI/UX Design,244,5,Startup,Junior,5909.81
SEO,308,1,Mid-Market,Mid-Level,12183.6
Web Development,252,4,Startup,Junior,5398.6
Web Development,480,2,Startup,Senior,29726.73
Data Science,433,3,Startup,Senior,44634.74
Mobile App,436,4,Startup,Senior,39184.93
SEO,96,4,Mid-Market,Senior,9486.94
UI/UX Design,135,1,Startup,Senior,9799.05
Mobile App,173,3,Enterprise,Junior,6975.2
UI/UX Design,425,2,Enterprise,Junior,10463.44
Data Science,122,4,Mid-Market,Senior,17991.45
Data Science,213,4,Startup,Mid-Level,12876.76
Web Development,185,1,Enterprise,Mid-Level,10497.72
SEO,378,5,Mid-Market,Senior,25953.5
UI/UX Design,109,2,Startup,Junior,2502.0
Mobile App,193,3,Enterprise,Mid-Level,15607.66
Data Science,141,4,Enterprise,Mid-Level,13627.41
Web Development,162,4,Mid-Market,Mid-Level,9352.05
Web Development,125,2,Startup,Senior,10275.96
UI/UX Design,394,5,Startup,Mid-Level,15421.52
Data Science,447,4,Enterprise,Mid-Level,47173.56
SEO,324,2,Enterprise,Mid-Level,17985.9
Data Science,379,1,Enterprise,Mid-Level,35726.21
UI/UX Design,478,5,Startup,Junior,9139.43
UI/UX Design,336,3,Mid-Market,Senior,28209.2
Data Science,470,4,Mid-Market,Senior,56990.14
UI/UX Design,142,2,Startup,Junior,3044.39
Data Science,409,1,Mid-Market,Junior,13175.15
Mobile App,28,3,Enterprise,Senior,4992.52
Data Science,281,2,Mid-Market,Mid-Level,18601.33
Data Science,92,2,Mid-Market,Mid-Level,6261.67
UI/UX Design,378,3,Mid-Market,Senior,31326.38
UI/UX Design,242,1,Enterprise,Mid-Level,13967.99
Web Development,435,1,Startup,Junior,6262.45
Web Development,60,5,Enterprise,Mid-Level,5747.88
Mobile App,389,4,Startup,Mid-Level,19105.72
Web Development,223,3,Startup,Mid-Level,9883.3
Data Science,283,3,Startup,Senior,24542.67
UI/UX Design,347,3,Mid-Market,Junior,7690.26
Web Development,197,1,Mid-Market,Mid-Level,9843.4
Web Development,367,4,Startup,Senior,24662.37
Mobile App,337,5,Startup,Mid-Level,17430.85
Mobile App,103,2,Mid-Market,Junior,3351.48
Data Science,337,2,Enterprise,Mid-Level,33260.4
UI/UX Design,130,3,Startup,Junior,3222.37
Mobile App,270,4,Enterprise,Mid-Level,18789.3
Web Development,402,1,Mid-Market,Junior,8563.26
UI/UX Design,26,4,Startup,Mid-Level,2721.64
UI/UX Design,478,4,Enterprise,Junior,10830.59
Web Development,103,1,Enterprise,Mid-Level,7178.5
Mobile App,227,3,Enterprise,Mid-Level,15867.0
Web Development,407,4,Mid-Market,Senior,30217.63
UI/UX Design,409,2,Mid-Market,Senior,28057.53
SEO,333,1,Enterprise,Junior,6833.05
SEO,41,5,Enterprise,Mid-Level,4391.53
Data Science,429,3,Mid-Market,Junior,12962.68
Web Development,402,1,Enterprise,Senior,44390.82
Web Development,22,5,Enterprise,Junior,3108.96
Data Science,146,5,Mid-Market,Junior,6321.55
Data Science,316,4,Enterprise,Senior,48249.03
Data Science,207,4,Enterprise,Mid-Level,19214.16
UI/UX Design,381,4,Enterprise,Junior,10768.29
Web Development,33,1,Mid-Market,Senior,3425.83
UI/UX Design,478,1,Enterprise,Mid-Level,28536.49
Data Science,485,3,Mid-Market,Senior,74243.41
Web Development,31,4,Mid-Market,Junior,2479.3
UI/UX Design,106,5,Startup,Mid-Level,5616.96
UI/UX Design,31,2,Startup,Mid-Level,2186.6
Data Science,416,3,Enterprise,Senior,54710.18
Web Development,44,1,Mid-Market,Senior,4650.53
Data Science,320,3,Startup,Senior,32672.66
Web Development,262,3,Enterprise,Mid-Level,17109.22
SEO,141,3,Startup,Mid-Level,5041.1
Mobile App,166,3,Startup,Junior,4543.41
Mobile App,74,2,Mid-Market,Mid-Level,5694.25
Mobile App,257,4,Mid-Market,Junior,8138.59
Data Science,375,5,Startup,Senior,36899.8
SEO,192,3,Startup,Senior,11729.24
Web Development,411,3,Mid-Market,Mid-Level,19639.49
UI/UX Design,240,3,Enterprise,Senior,24739.35
Web Development,138,4,Mid-Market,Senior,12101.89
UI/UX Design,328,1,Startup,Mid-Level,11045.21
Web Development,202,1,Enterprise,Junior,5415.31
SEO,307,2,Startup,Mid-Level,8246.6
UI/UX Design,326,1,Enterprise,Junior,8496.06
Data Science,319,3,Startup,Mid-Level,16600.7
Web Development,101,3,Enterprise,Mid-Level,7311.16
Web Development,473,3,Enterprise,Senior,55247.51
UI/UX Design,421,2,Startup,Mid-Level,12597.32
Data Science,230,3,Enterprise,Mid-Level,22902.9
Data Science,169,1,Mid-Market,Junior,5417.99
SEO,56,4,Startup,Senior,4590.08
Data Science,371,4,Mid-Market,Junior,15381.51
Data Science,331,5,Startup,Junior,10443.56
Data Science,380,1,Enterprise,Senior,56412.35
Mobile App,78,3,Enterprise,Senior,10474.91
SEO,150,4,Enterprise,Senior,15579.69
Web Development,431,1,Startup,Mid-Level,15066.33
UI/UX Design,221,4,Mid-Market,Senior,19115.77
Web Development,262,3,Mid-Market,Senior,22454.8
SEO,54,4,Startup,Senior,5073.4
UI/UX Design,464,5,Startup,Junior,8485.02
SEO,112,5,Mid-Market,Junior,4130.17
Data Science,457,4,Mid-Market,Mid-Level,31980.67
UI/UX Design,466,1,Mid-Market,Junior,8721.86
Data Science,226,1,Mid-Market,Mid-Level,15214.12
Web Development,372,1,Startup,Junior,8018.23
Web Development,410,4,Startup,Senior,33653.96
UI/UX Design,351,1,Enterprise,Junior,8959.03
UI/UX Design,324,3,Mid-Market,Mid-Level,15169.15
SEO,369,5,Enterprise,Junior,9993.73
SEO,232,3,Startup,Senior,12131.38
Data Science,178,1,Startup,Mid-Level,9936.99
UI/UX Design,461,3,Enterprise,Senior,47976.94
Web Development,464,1,Mid-Market,Senior,42466.49
SEO,43,4,Mid-Market,Mid-Level,3702.14
SEO,423,3,Mid-Market,Senior,24484.74
Web Development,312,4,Mid-Market,Senior,26238.09
SEO,23,4,Enterprise,Junior,2408.13
Data Science,239,2,Enterprise,Senior,42641.92
UI/UX Design,383,1,Startup,Senior,21651.05
Web Development,401,5,Mid-Market,Senior,34428.87
UI/UX Design,39,1,Mid-Market,Senior,3442.8
SEO,463,5,Mid-Market,Mid-Level,23778.6
SEO,171,1,Enterprise,Junior,4152.22
Web Development,69,4,Mid-Market,Senior,7388.47
Data Science,196,3,Enterprise,Senior,28281.39
Mobile App,454,3,Mid-Market,Mid-Level,29592.0
Web Development,115,2,Mid-Market,Senior,10032.89
Mobile App,124,5,Startup,Mid-Level,8744.5
Mobile App,439,5,Mid-Market,Junior,14200.87
Data Science,269,5,Mid-Market,Junior,10196.39
Mobile App,136,4,Startup,Senior,10990.6
Mobile App,373,5,Enterprise,Senior,50319.22
Data Science,247,3,Enterprise,Senior,37662.65
Mobile App,85,4,Mid-Market,Mid-Level,6608.06
Mobile App,354,1,Enterprise,Senior,49313.82
Mobile App,437,5,Mid-Market,Senior,37514.89
Web Development,439,5,Startup,Junior,9709.86
Web Development,281,1,Startup,Senior,19850.06
Web Development,314,5,Mid-Market,Junior,9287.49
Data Science,445,1,Startup,Senior,37394.95
SEO,262,4,Startup,Junior,5494.23
Mobile App,390,3,Mid-Market,Senior,43446.04
Mobile App,205,1,Mid-Market,Junior,5588.87
Data Science,265,2,Startup,Mid-Level,15144.44
Mobile App,144,1,Enterprise,Junior,5504.81
Web Development,287,5,Enterprise,Junior,9443.9
SEO,150,4,Mid-Market,Junior,4032.84
UI/UX Design,256,4,Mid-Market,Senior,20062.26
Mobile App,37,1,Enterprise,Senior,5364.66
Web Development,59,3,Startup,Senior,5668.3
UI/UX Design,40,2,Enterprise,Mid-Level,3217.72
SEO,418,4,Enterprise,Mid-Level,23197.47
UI/UX Design,244,5,Enterprise,Junior,8806.43
Web Development,374,5,Enterprise,Mid-Level,23636.48
UI/UX Design,301,3,Mid-Market,Junior,6837.85
Data Science,27,4,Mid-Market,Junior,2914.26
UI/UX Design,119,1,Startup,Junior,2006.23
Mobile App,259,5,Startup,Mid-Level,14168.95
Mobile App,497,3,Startup,Senior,36933.95
Data Science,106,4,Startup,Mid-Level,8353.79
Web Development,317,4,Enterprise,Junior,10227.22
Mobile App,447,4,Mid-Market,Junior,12736.15
SEO,33,4,Mid-Market,Mid-Level,3393.39
Mobile App,353,4,Startup,Junior,8048.3
Mobile App,21,5,Startup,Junior,2911.9
Web Development,394,3,Enterprise,Mid-Level,24133.83
UI/UX Design,312,4,Enterprise,Mid-Level,19301.38
Mobile App,344,2,Startup,Mid-Level,18727.94
Data Science,441,2,Mid-Market,Junior,13429.27
UI/UX Design,60,3,Mid-Market,Junior,2450.68
SEO,337,1,Mid-Market,Senior,20322.44
Web Development,335,1,Startup,Senior,21440.84
SEO,400,1,Mid-Market,Mid-Level,14992.49
UI/UX Design,130,2,Enterprise,Senior,13307.36
UI/UX Design,33,1,Enterprise,Junior,1411.4
UI/UX Design,250,5,Startup,Senior,19239.77
SEO,492,4,Enterprise,Junior,13566.98
UI/UX Design,103,2,Startup,Mid-Level,5176.32
SEO,149,3,Mid-Market,Mid-Level,7306.05
UI/UX Design,250,3,Mid-Market,Junior,6498.76
Data Science,345,4,Mid-Market,Senior,46731.75
UI/UX Design,164,2,Enterprise,Mid-Level,10188.0
SEO,398,1,Startup,Mid-Level,12414.47
Mobile App,364,1,Mid-Market,Senior,34057.22
UI/UX Design,47,5,Startup,Senior,4869.67
Mobile App,85,5,Mid-Market,Junior,4513.35
Data Science,182,1,Enterprise,Senior,30498.34
Web Development,248,3,Enterprise,Senior,27478.38
Data Science,280,3,Startup,Senior,25516.38
UI/UX Design,468,5,Enterprise,Junior,13269.54
Mobile App,443,4,Enterprise,Junior,15520.29
Mobile App,479,1,Startup,Mid-Level,21063.77
SEO,459,5,Mid-Market,Junior,10204.53
Mobile App,183,5,Enterprise,Mid-Level,16253.9
SEO,320,1,Startup,Senior,16064.72
Web Development,426,1,Enterprise,Mid-Level,27866.05
UI/UX Design,322,3,Enterprise,Mid-Level,20371.8
SEO,306,4,Enterprise,Senior,28274.66
Web Development,414,4,Enterprise,Mid-Level,27828.96
Mobile App,29,1,Startup,Junior,1111.6
Mobile App,214,2,Startup,Junior,4657.8
Web Development,137,5,Startup,Junior,4923.2
Mobile App,289,5,Enterprise,Junior,10804.42
Web Development,99,1,Enterprise,Mid-Level,5890.32
SEO,477,2,Enterprise,Mid-Level,23761.79
SEO,112,3,Startup,Senior,6004.92
Web Development,285,1,Enterprise,Mid-Level,17465.3
SEO,351,1,Mid-Market,Mid-Level,14376.58
SEO,369,5,Enterprise,Mid-Level,16926.82
SEO,380,1,Mid-Market,Senior,27468.47
Data Science,276,1,Enterprise,Junior,10511.83
UI/UX Design,152,1,Startup,Mid-Level,5526.68
Mobile App,295,5,Enterprise,Senior,37277.96
Data Science,283,3,Mid-Market,Senior,37405.63
SEO,190,3,Mid-Market,Senior,14906.34
Web Development,479,1,Enterprise,Junior,13759.79
SEO,20,5,Mid-Market,Mid-Level,3219.71
UI/UX Design,332,3,Mid-Market,Senior,24266.52
SEO,83,3,Startup,Junior,2555.04
Web Development,393,3,Enterprise,Senior,45053.09
UI/UX Design,487,5,Enterprise,Senior,51229.66
SEO,303,5,Enterprise,Senior,29098.21
UI/UX Design,140,1,Mid-Market,Senior,9287.16
Mobile App,126,4,Enterprise,Senior,17688.6
Mobile App,440,3,Enterprise,Junior,14358.43
SEO,194,4,Startup,Mid-Level,7958.71
UI/UX Design,223,5,Startup,Mid-Level,9172.49
Web Development,184,5,Startup,Mid-Level,9423.44
SEO,324,5,Mid-Market,Mid-Level,13834.86
Mobile App,139,4,Enterprise,Junior,5521.87
Mobile App,63,5,Startup,Junior,3822.21
SEO,331,1,Startup,Junior,4726.09
UI/UX Design,175,5,Startup,Senior,13866.19
Mobile App,386,2,Enterprise,Senior,41150.54
UI/UX Design,226,4,Enterprise,Senior,22536.93
Mobile App,409,2,Enterprise,Mid-Level,29090.46
Mobile App,127,5,Mid-Market,Senior,15021.44
Data Science,270,1,Mid-Market,Mid-Level,16309.85
Mobile App,464,3,Startup,Senior,39073.89
Web Development,423,5,Enterprise,Mid-Level,31976.0
SEO,389,1,Startup,Senior,21361.93
SEO,353,4,Enterprise,Senior,31642.36
UI/UX Design,149,2,Enterprise,Junior,4006.34
Mobile App,476,2,Enterprise,Senior,55805.41
Web Development,312,2,Mid-Market,Senior,25820.61
UI/UX Design,39,4,Mid-Market,Junior,2664.81
Data Science,301,1,Enterprise,Mid-Level,29623.38
UI/UX Design,304,4,Startup,Junior,6611.23
UI/UX Design,20,2,Enterprise,Junior,1594.0
Mobile App,138,5,Enterprise,Mid-Level,11237.38
Data Science,54,3,Startup,Senior,6701.17
UI/UX Design,217,4,Enterprise,Mid-Level,11844.4
Web Development,264,4,Startup,Senior,15140.96
Web Development,78,1,Mid-Market,Senior,7190.98
SEO,344,1,Mid-Market,Mid-Level,13499.01
Data Science,180,4,Startup,Junior,5950.82
Data Science,198,2,Mid-Market,Mid-Level,14489.33
SEO,225,3,Mid-Market,Senior,14993.85
UI/UX Design,31,1,Startup,Mid-Level,1454.76
Data Science,295,2,Mid-Market,Mid-Level,20274.73
Web Development,200,5,Enterprise,Senior,21435.14
Web Development,261,1,Enterprise,Junior,6799.68
Mobile App,235,2,Startup,Mid-Level,10453.1
Data Science,270,2,Mid-Market,Senior,34770.13
UI/UX Design,318,3,Enterprise,Senior,23007.39
SEO,145,3,Enterprise,Mid-Level,8131.53
SEO,236,5,Mid-Market,Junior,5865.29
UI/UX Design,325,2,Mid-Market,Mid-Level,12778.39
Mobile App,304,2,Enterprise,Junior,9986.23
SEO,204,3,Enterprise,Junior,5737.12
Data Science,58,1,Startup,Junior,1862.15
Mobile App,242,1,Startup,Junior,4651.99
Data Science,203,4,Enterprise,Mid-Level,21098.83
Web Development,446,3,Startup,Senior,27467.61
Mobile App,197,4,Enterprise,Senior,24779.28
SEO,426,3,Enterprise,Senior,37951.53
Mobile App,447,5,Startup,Senior,37929.41
Mobile App,313,2,Startup,Senior,23567.97
Mobile App,359,5,Mid-Market,Senior,26844.81
Mobile App,170,3,Mid-Market,Mid-Level,9867.12
Data Science,403,2,Mid-Market,Junior,13285.72
Web Development,145,1,Enterprise,Senior,16618.42
UI/UX Design,320,1,Startup,Mid-Level,10785.79
Mobile App,327,4,Enterprise,Senior,40854.88
SEO,355,3,Startup,Senior,23844.14
Mobile App,453,3,Enterprise,Junior,15107.14
SEO,253,1,Mid-Market,Junior,4795.83
Data Science,399,5,Mid-Market,Junior,12871.94
SEO,394,2,Mid-Market,Senior,23467.03
UI/UX Design,27,5,Enterprise,Senior,5190.79
Web Development,360,5,Startup,Senior,27946.67
SEO,148,1,Startup,Junior,2320.57
SEO,283,1,Mid-Market,Mid-Level,8804.61
Web Development,176,1,Mid-Market,Senior,14344.08
UI/UX Design,371,4,Mid-Market,Senior,29217.94
Mobile App,377,5,Mid-Market,Senior,39049.64
SEO,24,3,Startup,Mid-Level,2152.26
Web Development,105,2,Enterprise,Senior,11753.05
Data Science,194,4,Enterprise,Mid-Level,17747.12
Web Development,309,3,Enterprise,Senior,30063.0
Data Science,212,5,Enterprise,Mid-Level,22508.77
UI/UX Design,330,1,Mid-Market,Senior,24492.37
Mobile App,138,5,Mid-Market,Junior,5762.09
Web Development,237,2,Mid-Market,Junior,5499.61
SEO,446,4,Enterprise,Junior,11109.66
UI/UX Design,477,4,Mid-Market,Junior,10723.65
Web Development,433,2,Mid-Market,Senior,41628.15
SEO,133,3,Startup,Junior,3313.83
Web Development,485,3,Startup,Mid-Level,17796.62
Data Science,164,4,Mid-Market,Junior,6597.36
Web Development,45,4,Startup,Junior,2661.56
Web Development,155,1,Startup,Junior,2930.27
Web Development,322,3,Mid-Market,Senior,25167.13
UI/UX Design,251,2,Mid-Market,Junior,5732.53
Web Development,388,3,Mid-Market,Mid-Level,14344.42
SEO,95,1,Mid-Market,Junior,2101.35
Data Science,494,4,Enterprise,Junior,21796.54
Data Science,347,4,Enterprise,Junior,17241.87
Web Development,364,1,Mid-Market,Mid-Level,18316.18
UI/UX Design,321,2,Startup,Junior,5306.37
UI/UX Design,471,4,Mid-Market,Mid-Level,22533.44
SEO,308,5,Mid-Market,Mid-Level,13401.65
Web Development,20,4,Startup,Junior,2258.1
Data Science,166,5,Enterprise,Mid-Level,17297.86
UI/UX Design,306,1,Mid-Market,Senior,21156.64
Web Development,483,1,Mid-Market,Junior,10160.21
UI/UX Design,161,4,Enterprise,Junior,6389.57
UI/UX Design,72,3,Enterprise,Mid-Level,5376.01
Data Science,323,5,Startup,Mid-Level,18167.56
Mobile App,88,2,Enterprise,Junior,4010.39
SEO,380,4,Enterprise,Senior,34762.21
SEO,109,2,Enterprise,Mid-Level,5522.13
Data Science,465,4,Startup,Mid-Level,23076.74
UI/UX Design,239,3,Enterprise,Senior,21684.06
Web Development,469,3,Enterprise,Senior,54355.15
UI/UX Design,211,3,Startup,Junior,4446.76
Data Science,473,3,Enterprise,Senior,75886.73
SEO,82,1,Enterprise,Junior,1977.3
UI/UX Design,92,1,Startup,Senior,6256.64
SEO,180,5,Mid-Market,Mid-Level,7674.16
Web Development,188,2,Startup,Junior,3810.86
SEO,108,4,Enterprise,Junior,4340.4
SEO,195,4,Enterprise,Junior,5600.66
Mobile App,288,1,Enterprise,Senior,38649.73
Mobile App,92,4,Startup,Mid-Level,5628.95
Mobile App,264,1,Enterprise,Junior,7726.91
SEO,96,5,Enterprise,Junior,4753.68
Data Science,178,2,Startup,Junior,5337.76
SEO,478,5,Mid-Market,Junior,10544.96
Data Science,343,3,Mid-Market,Mid-Level,27009.91
Data Science,117,3,Enterprise,Senior,14971.26
Mobile App,400,3,Startup,Mid-Level,19876.9
UI/UX Design,121,5,Enterprise,Junior,5115.92
Web Development,151,4,Startup,Mid-Level,7093.93
Mobile App,121,2,Startup,Junior,3424.83
Mobile App,38,3,Mid-Market,Senior,5015.56
UI/UX Design,473,3,Mid-Market,Senior,37580.7
Web Development,101,3,Startup,Senior,7937.6
SEO,416,2,Enterprise,Junior,9798.35
SEO,298,3,Mid-Market,Mid-Level,11702.09
Mobile App,358,2,Enterprise,Senior,40920.45
Web Development,384,3,Mid-Market,Junior,8611.44
Mobile App,350,5,Mid-Market,Junior,10813.63
Data Science,148,5,Enterprise,Mid-Level,17873.02
Mobile App,363,2,Mid-Market,Senior,40977.3
Mobile App,329,5,Mid-Market,Junior,9880.16
SEO,474,2,Enterprise,Mid-Level,23316.87
SEO,108,5,Mid-Market,Senior,9213.13
SEO,232,5,Mid-Market,Mid-Level,10960.8
Data Science,162,2,Mid-Market,Mid-Level,12218.12
SEO,84,4,Enterprise,Junior,3839.37
Web Development,95,5,Startup,Junior,3579.03
UI/UX Design,218,3,Enterprise,Junior,6788.16
Web Development,162,4,Startup,Mid-Level,7599.35
Web Development,424,2,Mid-Market,Junior,8882.21
SEO,422,4,Startup,Mid-Level,15118.91
UI/UX Design,335,1,Enterprise,Mid-Level,20724.9
UI/UX Design,112,1,Enterprise,Junior,3301.37
UI/UX Design,492,5,Mid-Market,Senior,36087.08
Data Science,436,5,Startup,Senior,39852.27
SEO,324,3,Mid-Market,Senior,16002.25
UI/UX Design,243,4,Mid-Market,Mid-Level,12021.12
Data Science,310,1,Enterprise,Mid-Level,29277.57
Mobile App,447,5,Startup,Mid-Level,21613.7
Mobile App,121,4,Startup,Junior,4540.13
Data Science,493,5,Startup,Mid-Level,25607.39
Data Science,286,5,Startup,Junior,9246.46
SEO,374,1,Mid-Market,Junior,6334.22
SEO,475,1,Mid-Market,Senior,30565.27
Mobile App,129,5,Enterprise,Senior,20479.48
UI/UX Design,481,2,Mid-Market,Senior,35268.91
Mobile App,349,5,Mid-Market,Junior,10629.08
UI/UX Design,469,5,Enterprise,Junior,12446.62
UI/UX Design,449,3,Enterprise,Junior,13402.49
SEO,284,3,Enterprise,Mid-Level,12888.97
Web Development,22,3,Mid-Market,Junior,1915.67
Web Development,104,2,Mid-Market,Senior,10729.36
Data Science,301,2,Enterprise,Senior,50154.68
SEO,347,5,Enterprise,Junior,9703.04
UI/UX Design,323,3,Enterprise,Junior,9074.6
Web Development,469,2,Mid-Market,Senior,34969.19
UI/UX Design,473,1,Mid-Market,Junior,8955.66
Web Development,431,5,Startup,Senior,29118.93
Web Development,136,4,Mid-Market,Mid-Level,8229.93
Web Development,240,5,Mid-Market,Senior,18808.02
SEO,173,4,Mid-Market,Mid-Level,8475.78
Mobile App,172,3,Enterprise,Junior,7411.96
UI/UX Design,31,4,Mid-Market,Junior,2546.63
SEO,152,3,Enterprise,Mid-Level,9073.92
SEO,323,1,Startup,Junior,4762.71
SEO,312,4,Startup,Mid-Level,10439.51
SEO,482,5,Enterprise,Junior,11464.36
SEO,319,3,Enterprise,Senior,25603.32
Data Science,247,5,Enterprise,Junior,12415.14
UI/UX Design,290,2,Mid-Market,Senior,21762.77
SEO,62,3,Startup,Senior,5079.17
UI/UX Design,451,4,Enterprise,Mid-Level,27623.08
Data Science,362,3,Mid-Market,Junior,13216.62
Data Science,345,5,Startup,Mid-Level,21620.12
UI/UX Design,321,1,Mid-Market,Junior,5722.04
Web Development,383,3,Startup,Senior,26809.47
Mobile App,398,4,Mid-Market,Senior,40451.97
Web Development,446,2,Startup,Junior,7323.65
Web Development,40,1,Startup,Junior,1217.44
Web Development,426,2,Mid-Market,Mid-Level,22283.09
SEO,126,3,Enterprise,Junior,3820.94
Data Science,355,5,Startup,Junior,10476.6
Web Development,322,5,Enterprise,Junior,10411.58
Data Science,136,4,Mid-Market,Mid-Level,11739.84
UI/UX Design,143,5,Enterprise,Junior,6011.74
Mobile App,418,1,Enterprise,Senior,52898.06
UI/UX Design,300,5,Enterprise,Mid-Level,18727.56
UI/UX Design,311,4,Enterprise,Mid-Level,16265.76
SEO,222,3,Enterprise,Senior,20674.79
Mobile App,70,3,Startup,Senior,6821.76
UI/UX Design,290,5,Startup,Senior,18069.73
UI/UX Design,343,2,Startup,Junior,5182.26
Mobile App,296,3,Mid-Market,Senior,29992.61
Mobile App,160,5,Enterprise,Junior,7670.19
UI/UX Design,489,4,Startup,Mid-Level,15146.26
Mobile App,294,5,Mid-Market,Mid-Level,18405.35
UI/UX Design,309,3,Startup,Senior,19515.97
UI/UX Design,353,4,Startup,Junior,6801.47
SEO,400,5,Enterprise,Senior,37044.1
Web Development,471,1,Mid-Market,Senior,37680.13
UI/UX Design,392,4,Enterprise,Junior,11432.55
Data Science,71,1,Enterprise,Senior,12167.73
Web Development,46,2,Startup,Mid-Level,2744.56
Web Development,176,4,Enterprise,Senior,22165.19
Web Development,258,1,Mid-Market,Junior,5834.58
SEO,175,3,Enterprise,Junior,4966.36
UI/UX Design,310,3,Enterprise,Mid-Level,16764.21
SEO,155,2,Enterprise,Junior,3881.19
UI/UX Design,163,4,Startup,Junior,4382.68
SEO,125,4,Mid-Market,Mid-Level,7094.59
SEO,439,4,Startup,Senior,23671.11
Data Science,177,2,Startup,Mid-Level,10987.74
SEO,165,4,Startup,Senior,9812.47
Mobile App,21,3,Startup,Mid-Level,2424.87
Data Science,452,1,Startup,Senior,49356.56
SEO,96,3,Mid-Market,Mid-Level,5193.17
Web Development,151,3,Enterprise,Senior,14737.2
Mobile App,109,1,Startup,Mid-Level,5477.53
Mobile App,364,3,Startup,Senior,31177.87
Mobile App,369,2,Mid-Market,Mid-Level,21271.69
Data Science,478,1,Mid-Market,Junior,15797.23
SEO,282,3,Enterprise,Senior,23006.8
SEO,370,5,Mid-Market,Mid-Level,15904.27
Web Development,127,3,Enterprise,Senior,16174.32
Web Development,93,2,Startup,Senior,7559.07
Mobile App,58,4,Startup,Mid-Level,4642.92
Web Development,416,3,Enterprise,Senior,40943.81
Data Science,178,4,Mid-Market,Mid-Level,12764.88
SEO,90,5,Enterprise,Junior,4393.44
Mobile App,466,3,Mid-Market,Senior,47044.71
Web Development,331,1,Startup,Junior,5742.84
Data Science,260,4,Mid-Market,Senior,30689.07
Data Science,445,5,Enterprise,Senior,74953.38
Web Development,464,1,Enterprise,Senior,49287.61
SEO,317,1,Startup,Mid-Level,9894.2
Web Development,459,1,Mid-Market,Junior,10224.77
Mobile App,55,1,Mid-Market,Senior,5635.51
Web Development,103,3,Mid-Market,Mid-Level,5908.46
Data Science,471,3,Startup,Senior,51723.97
Web Development,393,3,Mid-Market,Mid-Level,17845.61
SEO,282,5,Enterprise,Senior,24861.6
UI/UX Design,329,5,Mid-Market,Junior,9152.92
Web Development,404,5,Startup,Junior,8610.4
SEO,191,2,Mid-Market,Senior,13103.45
SEO,395,5,Mid-Market,Mid-Level,16134.18
Data Science,192,3,Enterprise,Senior,26110.9
SEO,381,3,Mid-Market,Mid-Level,15046.87
SEO,66,2,Enterprise,Senior,5936.25
SEO,398,2,Enterprise,Mid-Level,20100.59
SEO,160,5,Startup,Junior,4774.43
Mobile App,394,4,Enterprise,Senior,40283.84
Mobile App,425,2,Enterprise,Junior,13720.43
Data Science,137,1,Startup,Junior,3936.72
Web Development,296,3,Enterprise,Senior,25562.78
SEO,233,1,Startup,Senior,14023.71
Web Development,239,3,Mid-Market,Mid-Level,12663.57
Web Development,412,3,Startup,Mid-Level,17938.62
Data Science,45,2,Enterprise,Junior,2656.03
SEO,28,2,Startup,Mid-Level,1770.65
SEO,290,1,Enterprise,Mid-Level,13853.58
UI/UX Design,29,3,Mid-Market,Senior,4034.46
Web Development,491,1,Startup,Mid-Level,20505.88
Web Development,397,4,Mid-Market,Junior,10045.08
Mobile App,140,1,Enterprise,Mid-Level,10578.03
UI/UX Design,144,5,Enterprise,Junior,6083.54
Mobile App,189,1,Mid-Market,Senior,22983.24
Mobile App,91,5,Startup,Junior,4314.07
Mobile App,171,5,Startup,Mid-Level,9921.15
Data Science,227,5,Enterprise,Senior,36712.96
Data Science,68,4,Mid-Market,Mid-Level,6697.83
Mobile App,173,1,Mid-Market,Senior,16133.07
UI/UX Design,366,1,Startup,Senior,22627.44
Web Development,312,4,Startup,Mid-Level,11622.91
UI/UX Design,87,3,Startup,Mid-Level,4245.37
SEO,69,2,Mid-Market,Senior,5740.41
Data Science,171,1,Startup,Senior,17521.95
Web Development,38,2,Startup,Mid-Level,2304.71
Web Development,119,4,Enterprise,Junior,5022.21
SEO,79,3,Startup,Mid-Level,4010.76
SEO,186,3,Startup,Senior,9870.51
Mobile App,221,3,Mid-Market,Mid-Level,11996.44
Data Science,364,4,Mid-Market,Junior,11904.84
Data Science,165,5,Enterprise,Mid-Level,16963.29
UI/UX Design,422,5,Startup,Senior,23509.35
Mobile App,183,2,Enterprise,Mid-Level,15070.88
Mobile App,477,5,Mid-Market,Senior,44059.48
Mobile App,458,5,Enterprise,Senior,60940.78
Mobile App,261,3,Mid-Market,Mid-Level,14777.85
Data Science,88,3,Enterprise,Senior,15138.09
Data Science,194,2,Enterprise,Senior,26411.63
Mobile App,68,1,Startup,Junior,1936.33
UI/UX Design,127,2,Enterprise,Junior,3686.06
Web Development,245,2,Startup,Junior,4502.04
Web Development,180,4,Startup,Junior,5565.15
UI/UX Design,138,4,Startup,Senior,10389.41
Mobile App,168,2,Startup,Mid-Level,8956.08
Data Science,484,2,Enterprise,Senior,79968.81
Web Development,169,2,Mid-Market,Senior,13908.25
SEO,451,5,Mid-Market,Senior,27591.91
SEO,312,4,Mid-Market,Mid-Level,12896.36
UI/UX Design,162,2,Enterprise,Junior,4420.0
Mobile App,438,3,Startup,Senior,32050.01
Web Development,495,3,Mid-Market,Senior,34830.58
Mobile App,474,5,Enterprise,Junior,17458.1
Web Development,179,5,Startup,Senior,15758.5
UI/UX Design,30,1,Mid-Market,Mid-Level,1782.81
UI/UX Design,157,1,Startup,Senior,9447.53
SEO,476,1,Mid-Market,Senior,30840.4
Mobile App,97,5,Mid-Market,Junior,4118.48
SEO,96,5,Mid-Market,Senior,8383.6
Mobile App,460,5,Startup,Senior,32787.84
SEO,273,3,Enterprise,Mid-Level,14448.13
Data Science,428,5,Startup,Junior,12504.95
Data Science,277,3,Mid-Market,Junior,9087.61
Data Science,339,1,Startup,Mid-Level,19010.84
Data Science,310,1,Enterprise,Senior,49359.46
Web Development,282,1,Startup,Junior,5697.2
Data Science,104,2,Enterprise,Junior,5334.41
UI/UX Design,165,2,Enterprise,Senior,16779.09
UI/UX Design,342,4,Startup,Senior,19832.67
Web Development,61,4,Mid-Market,Junior,3089.04
Data Science,393,4,Enterprise,Senior,66979.42
Data Science,144,2,Startup,Junior,4386.86
Data Science,186,2,Enterprise,Senior,30739.56
SEO,444,4,Mid-Market,Senior,33195.09
Mobile App,260,4,Startup,Mid-Level,11532.44
SEO,478,5,Startup,Senior,30392.65
Mobile App,299,4,Startup,Mid-Level,16168.93
Data Science,207,5,Mid-Market,Senior,22236.77
Data Science,321,3,Enterprise,Junior,16964.84
SEO,38,2,Startup,Junior,1502.03
SEO,87,4,Enterprise,Senior,8892.01
Mobile App,237,2,Enterprise,Senior,32112.86
UI/UX Design,121,2,Mid-Market,Junior,2965.11
Mobile App,61,2,Startup,Senior,5940.65
SEO,307,3,Enterprise,Mid-Level,14727.54
SEO,186,1,Startup,Mid-Level,6939.07
Web Development,128,4,Startup,Mid-Level,6635.69
SEO,55,1,Mid-Market,Mid-Level,2608.66
Web Development,251,1,Startup,Mid-Level,8825.71
UI/UX Design,248,1,Startup,Senior,15951.15
Mobile App,372,2,Enterprise,Senior,47367.2
Mobile App,183,5,Mid-Market,Mid-Level,10986.81
Web Development,406,2,Startup,Senior,26363.6
Mobile App,92,2,Enterprise,Senior,14698.82
SEO,155,1,Mid-Market,Mid-Level,6559.31
Data Science,372,2,Mid-Market,Senior,43948.26
Web Development,398,1,Enterprise,Senior,34155.15
Mobile App,89,5,Enterprise,Senior,12682.54
Web Development,444,4,Enterprise,Mid-Level,24320.82
Web Development,215,1,Enterprise,Senior,18734.56
Data Science,288,5,Enterprise,Junior,14614.38
SEO,68,4,Startup,Junior,2875.83
Web Development,335,3,Startup,Mid-Level,15724.9
Mobile App,149,1,Mid-Market,Junior,3719.24
UI/UX Design,463,1,Startup,Mid-Level,15497.78
Web Development,24,3,Startup,Junior,1830.46
Web Development,447,3,Startup,Junior,8226.55
Data Science,46,1,Enterprise,Junior,2254.15
SEO,179,3,Mid-Market,Mid-Level,7702.57
UI/UX Design,168,2,Mid-Market,Mid-Level,7840.43
Mobile App,283,4,Mid-Market,Senior,31807.67
UI/UX Design,249,4,Mid-Market,Mid-Level,12958.24
Mobile App,219,4,Startup,Junior,5881.31
SEO,69,2,Startup,Junior,1880.52
Mobile App,86,3,Enterprise,Mid-Level,8016.61
Data Science,319,5,Mid-Market,Mid-Level,26262.7
Data Science,400,3,Startup,Mid-Level,21671.9
Data Science,77,1,Startup,Senior,8415.48
Data Science,278,4,Enterprise,Junior,13201.03
UI/UX Design,361,3,Enterprise,Senior,31687.67
SEO,345,5,Enterprise,Senior,33500.77
Mobile App,149,1,Startup,Junior,3404.15
Mobile App,234,2,Startup,Junior,4710.43
Data Science,191,2,Enterprise,Mid-Level,17267.74
Data Science,277,5,Mid-Market,Mid-Level,21272.02
Web Development,121,1,Enterprise,Senior,12321.63
SEO,228,4,Enterprise,Mid-Level,13980.97
UI/UX Design,310,3,Enterprise,Mid-Level,19885.3
Mobile App,373,1,Enterprise,Junior,11692.47
Web Development,490,2,Startup,Junior,8454.1
Web Development,305,5,Mid-Market,Mid-Level,16044.88
Mobile App,135,5,Enterprise,Junior,6627.73
UI/UX Design,283,3,Mid-Market,Mid-Level,12282.4
Web Development,169,5,Mid-Market,Junior,4626.43
Web Development,319,5,Mid-Market,Junior,9999.57
SEO,461,1,Enterprise,Junior,10089.2
UI/UX Design,55,4,Startup,Junior,2777.88
Web Development,472,3,Enterprise,Mid-Level,30009.86
UI/UX Design,352,1,Mid-Market,Senior,25641.1
Mobile App,496,4,Mid-Market,Junior,13391.75
Data Science,306,1,Startup,Mid-Level,15362.27
Web Development,322,1,Enterprise,Mid-Level,15873.61
SEO,330,5,Mid-Market,Junior,7064.89
Mobile App,227,4,Startup,Senior,17486.84
UI/UX Design,125,3,Mid-Market,Junior,3896.46
Mobile App,465,3,Startup,Mid-Level,23043.62
Web Development,177,4,Startup,Senior,12329.1
UI/UX Design,140,5,Enterprise,Mid-Level,7907.62
Data Science,74,2,Mid-Market,Junior,3222.02
Mobile App,419,1,Enterprise,Senior,50586.91
Web Development,31,5,Mid-Market,Mid-Level,3832.75
SEO,164,4,Enterprise,Mid-Level,10408.9
UI/UX Design,419,1,Mid-Market,Mid-Level,17704.79
Mobile App,415,3,Enterprise,Junior,13183.78
Mobile App,155,2,Startup,Senior,11467.89
Data Science,487,3,Mid-Market,Junior,15726.32
Data Science,22,4,Mid-Market,Junior,2600.18
SEO,163,1,Startup,Junior,2571.29
SEO,49,4,Enterprise,Senior,6495.14
Web Development,256,1,Mid-Market,Junior,4913.55
Web Development,298,5,Mid-Market,Junior,8512.32
SEO,367,2,Enterprise,Junior,9332.11
SEO,134,5,Startup,Junior,4200.42
UI/UX Design,123,5,Enterprise,Mid-Level,9443.24
Data Science,137,4,Enterprise,Junior,7189.51
Web Development,24,2,Enterprise,Mid-Level,2427.98
Data Science,487,1,Mid-Market,Junior,15753.99
Data Science,379,1,Startup,Senior,34802.83
SEO,267,3,Startup,Mid-Level,10720.35
UI/UX Design,383,1,Enterprise,Mid-Level,21829.64
Mobile App,340,4,Mid-Market,Mid-Level,22752.28
UI/UX Design,140,5,Enterprise,Mid-Level,10660.45
UI/UX Design,305,5,Mid-Market,Senior,25178.73
Data Science,168,5,Mid-Market,Junior,8238.44
UI/UX Design,103,2,Mid-Market,Mid-Level,5249.89
Web Development,473,1,Mid-Market,Senior,35578.53
Data Science,425,4,Startup,Mid-Level,24984.01
Web Development,485,2,Mid-Market,Junior,9724.02
Mobile App,475,3,Mid-Market,Mid-Level,21759.13
Data Science,250,4,Enterprise,Senior,37675.09
Mobile App,307,4,Enterprise,Junior,11648.21
Data Science,180,4,Startup,Senior,21115.01
SEO,291,5,Enterprise,Junior,8034.97
UI/UX Design,479,4,Mid-Market,Junior,11492.96
SEO,57,1,Enterprise,Junior,1542.06
Mobile App,245,4,Startup,Mid-Level,11610.78
UI/UX Design,161,5,Enterprise,Senior,19753.42
Data Science,311,4,Enterprise,Senior,50747.04
UI/UX Design,170,3,Startup,Senior,11121.99
Web Development,133,3,Startup,Junior,3678.07
UI/UX Design,256,5,Mid-Market,Mid-Level,11617.2
Web Development,85,1,Enterprise,Junior,2636.88
UI/UX Design,380,1,Mid-Market,Senior,27867.28
Web Development,360,2,Enterprise,Mid-Level,24653.29
Mobile App,277,5,Enterprise,Mid-Level,18697.21
SEO,494,4,Mid-Market,Mid-Level,22919.3
Data Science,268,5,Enterprise,Senior,43786.87
UI/UX Design,476,2,Enterprise,Mid-Level,23278.19
SEO,468,5,Enterprise,Mid-Level,21573.41
Data Science,350,5,Startup,Junior,11129.45
Data Science,342,2,Mid-Market,Junior,9877.76
Web Development,199,1,Startup,Mid-Level,7262.73
Mobile App,209,4,Mid-Market,Mid-Level,13003.96
Mobile App,426,2,Mid-Market,Junior,12393.29
SEO,173,3,Enterprise,Junior,5464.88
Mobile App,215,1,Mid-Market,Junior,5328.22
UI/UX Design,485,3,Startup,Senior,28841.85
Mobile App,330,1,Startup,Senior,21800.66
SEO,281,4,Startup,Junior,4863.38
Mobile App,438,4,Mid-Market,Mid-Level,22745.05
UI/UX Design,425,5,Startup,Junior,9307.34
Web Development,446,3,Mid-Market,Senior,39963.33
SEO,162,1,Startup,Mid-Level,5344.5
Web Development,361,4,Startup,Senior,21736.3
Web Development,335,2,Mid-Market,Mid-Level,15002.17
Web Development,120,4,Startup,Senior,9021.19
Data Science,263,2,Enterprise,Mid-Level,23695.15
Data Science,31,1,Mid-Market,Mid-Level,2544.57
Web Development,258,4,Mid-Market,Mid-Level,12446.73
SEO,68,4,Mid-Market,Mid-Level,4533.49
UI/UX Design,61,1,Enterprise,Senior,6340.32
UI/UX Design,185,4,Mid-Market,Senior,14349.21
Mobile App,101,2,Startup,Mid-Level,5495.96
SEO,448,4,Startup,Mid-Level,16353.0
Data Science,310,3,Startup,Senior,35509.91
Web Development,177,5,Mid-Market,Mid-Level,10855.81
Mobile App,235,2,Startup,Mid-Level,11620.28
UI/UX Design,177,3,Mid-Market,Mid-Level,8496.36
Data Science,481,1,Startup,Junior,13232.7
Data Science,153,2,Enterprise,Mid-Level,12988.72
Web Development,86,5,Enterprise,Junior,4940.34
UI/UX Design,355,5,Enterprise,Mid-Level,20653.2
SEO,26,1,Enterprise,Senior,2985.72
Data Science,455,1,Mid-Market,Junior,14952.9
Web Development,33,2,Startup,Junior,1524.42
SEO,92,4,Enterprise,Mid-Level,6203.78
UI/UX Design,418,1,Mid-Market,Mid-Level,18318.81
Data Science,424,4,Enterprise,Junior,19324.97
SEO,182,3,Enterprise,Senior,16039.21
SEO,85,5,Mid-Market,Senior,7989.96
SEO,366,4,Mid-Market,Mid-Level,16357.08
Data Science,149,5,Startup,Senior,14853.86
Data Science,438,4,Startup,Senior,47100.17
Mobile App,485,3,Enterprise,Mid-Level,37321.58
UI/UX Design,225,1,Enterprise,Senior,24059.08
Web Development,295,3,Startup,Mid-Level,11359.98
SEO,485,1,Startup,Junior,6711.55
Mobile App,275,1,Mid-Market,Mid-Level,15654.53
Web Development,285,5,Startup,Junior,7396.89
Mobile App,44,3,Startup,Junior,2381.05
Data Science,469,4,Enterprise,Senior,66094.92
SEO,300,3,Startup,Senior,17307.04
Web Development,272,5,Enterprise,Senior,36457.56
Web Development,329,1,Startup,Mid-Level,13068.57
Web Development,308,5,Mid-Market,Senior,31176.15
Web Development,183,2,Startup,Junior,4233.41
Web Development,114,2,Startup,Senior,9290.01
Mobile App,289,4,Startup,Senior,24883.18
SEO,340,5,Enterprise,Mid-Level,19242.36
Data Science,129,4,Mid-Market,Mid-Level,10929.99
Data Science,355,4,Startup,Junior,10523.7
Data Science,329,2,Enterprise,Mid-Level,32012.45
Data Science,257,4,Mid-Market,Senior,31233.23
Mobile App,400,2,Enterprise,Mid-Level,34374.15
UI/UX Design,455,1,Enterprise,Junior,10158.94
SEO,406,5,Mid-Market,Senior,30592.31
Web Development,444,4,Startup,Junior,10083.41
UI/UX Design,409,2,Enterprise,Mid-Level,22153.52
Data Science,44,3,Enterprise,Mid-Level,4931.28
UI/UX Design,160,4,Startup,Junior,4570.23
SEO,136,1,Startup,Senior,7604.83
Web Development,411,1,Mid-Market,Mid-Level,20499.23
Web Development,424,3,Mid-Market,Mid-Level,20371.16
SEO,471,2,Mid-Market,Senior,36364.71
SEO,44,4,Startup,Mid-Level,2998.93
Data Science,98,2,Enterprise,Junior,4965.78
Web Development,87,1,Enterprise,Mid-Level,6272.38
UI/UX Design,192,2,Mid-Market,Mid-Level,8857.91
Mobile App,463,1,Startup,Senior,37133.54
Mobile App,31,2,Enterprise,Junior,1925.22
SEO,307,3,Mid-Market,Senior,21188.65
Data Science,147,5,Enterprise,Mid-Level,13242.68
Mobile App,115,3,Enterprise,Mid-Level,8993.01
Web Development,111,3,Startup,Senior,8045.09
SEO,160,5,Startup,Senior,11240.15
UI/UX Design,50,5,Enterprise,Senior,6912.6
SEO,353,4,Mid-Market,Junior,7341.61
UI/UX Design,39,4,Startup,Mid-Level,3215.85
SEO,165,3,Enterprise,Senior,14200.26
SEO,496,3,Startup,Mid-Level,16169.09
SEO,335,1,Startup,Junior,4949.93
UI/UX Design,466,1,Startup,Junior,7764.02
UI/UX Design,409,4,Enterprise,Junior,12195.32
SEO,179,4,Mid-Market,Junior,5022.31
Mobile App,368,1,Mid-Market,Mid-Level,19718.27
Data Science,62,1,Mid-Market,Junior,2286.88
Data Science,273,2,Startup,Junior,6981.18
Data Science,149,2,Enterprise,Senior,22177.04
UI/UX Design,79,1,Startup,Junior,1659.7
UI/UX Design,170,2,Mid-Market,Senior,12359.43
Mobile App,486,5,Mid-Market,Junior,15876.65
Data Science,306,4,Enterprise,Junior,13889.25
Data Science,24,4,Startup,Senior,4649.92
SEO,486,1,Mid-Market,Junior,8720.61
UI/UX Design,437,3,Enterprise,Mid-Level,22719.78
Data Science,285,1,Startup,Mid-Level,15794.51
Mobile App,364,2,Startup,Junior,6819.26
Mobile App,149,3,Mid-Market,Mid-Level,9699.22
Data Science,401,2,Mid-Market,Senior,45820.08
UI/UX Design,286,5,Startup,Junior,6159.83
Mobile App,197,2,Startup,Junior,5358.14
SEO,272,5,Mid-Market,Senior,21702.05
Mobile App,434,5,Startup,Senior,39174.45
Web Development,75,2,Mid-Market,Senior,7469.27
Web Development,482,2,Startup,Junior,7759.65
UI/UX Design,476,5,Mid-Market,Senior,35399.48
Data Science,490,3,Enterprise,Senior,75344.83
UI/UX Design,102,5,Mid-Market,Mid-Level,5924.71
UI/UX Design,412,4,Mid-Market,Mid-Level,17756.59
UI/UX Design,118,5,Enterprise,Junior,5110.41
UI/UX Design,168,3,Startup,Mid-Level,7011.78
SEO,348,4,Enterprise,Mid-Level,22410.75
SEO,175,1,Mid-Market,Senior,11676.6
Mobile App,209,1,Startup,Senior,16754.27
Web Development,390,3,Enterprise,Mid-Level,23744.15
UI/UX Design,282,5,Startup,Mid-Level,12310.83
Mobile App,99,2,Startup,Mid-Level,4817.51
Web Development,419,3,Enterprise,Junior,14459.54
Data Science,271,4,Startup,Junior,8423.25
SEO,116,4,Enterprise,Junior,4317.45
Web Development,279,1,Mid-Market,Mid-Level,14272.88
Data Science,279,4,Startup,Mid-Level,15723.74
Web Development,122,3,Mid-Market,Junior,4115.5
SEO,59,4,Mid-Market,Junior,3076.65
SEO,292,3,Startup,Mid-Level,9706.64
Mobile App,120,2,Enterprise,Senior,19050.34
UI/UX Design,378,1,Startup,Junior,6293.9
Web Development,399,4,Mid-Market,Mid-Level,21134.09
Web Development,327,3,Mid-Market,Mid-Level,18224.87
Data Science,240,5,Enterprise,Senior,46045.47
SEO,327,1,Startup,Mid-Level,10164.19
Web Development,439,2,Mid-Market,Mid-Level,22329.29
SEO,143,3,Mid-Market,Junior,4107.48
Web Development,441,2,Mid-Market,Junior,8795.28
Mobile App,250,2,Enterprise,Senior,26803.95
UI/UX Design,197,4,Mid-Market,Senior,16102.37
Web Development,82,4,Mid-Market,Mid-Level,5042.96
SEO,135,3,Startup,Junior,3173.74
Mobile App,210,5,Startup,Senior,19135.02
Web Development,81,3,Mid-Market,Senior,7801.39
Data Science,275,5,Mid-Market,Senior,35032.74
UI/UX Design,26,2,Startup,Mid-Level,1758.02
Web Development,174,1,Enterprise,Junior,5380.56
Mobile App,111,3,Enterprise,Senior,13879.61
Data Science,489,3,Enterprise,Junior,16560.56
Mobile App,33,5,Enterprise,Senior,6533.01
Mobile App,474,2,Enterprise,Senior,65568.02
Data Science,248,2,Enterprise,Junior,10749.21
Mobile App,105,5,Enterprise,Junior,5394.41
Data Science,152,2,Enterprise,Junior,6988.44
Web Development,202,4,Startup,Mid-Level,9590.73
Data Science,405,1,Enterprise,Senior,64250.62
Data Science,81,3,Enterprise,Mid-Level,8419.69
UI/UX Design,238,1,Enterprise,Junior,6339.88
Data Science,424,3,Mid-Market,Senior,43534.88
Data Science,265,4,Startup,Mid-Level,15030.75
Web Development,249,2,Startup,Senior,14856.02
UI/UX Design,98,5,Startup,Mid-Level,6103.34
SEO,168,4,Enterprise,Junior,5743.21
Web Development,157,1,Enterprise,Mid-Level,9854.53
Web Development,490,5,Mid-Market,Senior,36013.56
SEO,333,2,Startup,Senior,19318.34
Data Science,395,4,Enterprise,Senior,72163.86
Mobile App,442,5,Startup,Senior,38385.57
UI/UX Design,408,4,Mid-Market,Junior,9318.17
Mobile App,84,4,Mid-Market,Mid-Level,6822.55
SEO,32,2,Mid-Market,Junior,1525.97
Web Development,232,3,Startup,Junior,5555.76
Web Development,493,5,Enterprise,Junior,16476.34
UI/UX Design,261,2,Enterprise,Senior,24889.55
Web Development,232,4,Mid-Market,Senior,19333.85
Web Development,200,2,Enterprise,Senior,20968.37
UI/UX Design,357,3,Mid-Market,Mid-Level,16733.26
UI/UX Design,192,5,Startup,Senior,13183.81
SEO,179,3,Mid-Market,Mid-Level,7460.36
Web Development,183,1,Startup,Senior,12210.88
Web Development,484,5,Mid-Market,Senior,45508.07
SEO,207,3,Enterprise,Junior,5863.77
Data Science,414,4,Enterprise,Junior,17700.02
Data Science,210,5,Mid-Market,Junior,9001.87
Data Science,424,5,Enterprise,Mid-Level,40018.68
SEO,327,2,Enterprise,Mid-Level,13344.44
Web Development,275,4,Enterprise,Senior,32592.73
SEO,202,1,Startup,Mid-Level,6554.64
SEO,136,3,Enterprise,Senior,12833.5
Data Science,301,2,Startup,Mid-Level,18980.75
Mobile App,215,3,Mid-Market,Mid-Level,14518.29
Web Development,53,1,Enterprise,Mid-Level,3848.16
Data Science,71,1,Enterprise,Junior,3033.55
Mobile App,131,5,Enterprise,Mid-Level,10946.06
Mobile App,271,1,Mid-Market,Junior,7730.72
UI/UX Design,101,3,Startup,Junior,2681.38
Web Development,251,4,Startup,Mid-Level,10901.5
Mobile App,246,4,Enterprise,Senior,34051.1
Data Science,252,5,Mid-Market,Senior,27446.77
UI/UX Design,240,3,Mid-Market,Senior,19184.95
Web Development,455,3,Mid-Market,Mid-Level,23929.19
SEO,432,1,Mid-Market,Senior,24040.68
Data Science,441,3,Mid-Market,Junior,16923.76
Mobile App,61,2,Startup,Senior,5211.71
Mobile App,40,1,Startup,Mid-Level,2327.31
Data Science,61,2,Startup,Senior,6807.05
Mobile App,416,5,Enterprise,Junior,15569.43
UI/UX Design,132,4,Mid-Market,Mid-Level,6659.84
Web Development,124,5,Enterprise,Senior,17021.51
UI/UX Design,211,4,Mid-Market,Mid-Level,10823.98
Mobile App,36,5,Startup,Mid-Level,4307.27
SEO,139,3,Enterprise,Mid-Level,7187.22
Web Development,412,2,Startup,Senior,26890.12
Web Development,444,4,Mid-Market,Mid-Level,22398.64
Data Science,148,1,Mid-Market,Senior,18367.24
Data Science,149,2,Mid-Market,Junior,5768.05
SEO,79,1,Startup,Senior,4466.36
Web Development,67,2,Mid-Market,Junior,2624.35
SEO,48,2,Startup,Senior,3467.39
Data Science,116,5,Enterprise,Mid-Level,9743.22
Data Science,29,4,Mid-Market,Senior,5509.3
Web Development,261,4,Mid-Market,Mid-Level,15226.59
UI/UX Design,333,2,Mid-Market,Junior,6440.57
Mobile App,463,3,Enterprise,Senior,53580.69
Data Science,251,3,Mid-Market,Mid-Level,17018.67
Data Science,296,1,Startup,Junior,6839.27
UI/UX Design,303,1,Startup,Junior,4654.03
UI/UX Design,222,5,Mid-Market,Senior,19937.42
SEO,266,2,Mid-Market,Junior,5905.61
SEO,309,1,Enterprise,Mid-Level,11455.44
Mobile App,283,1,Enterprise,Junior,8995.44
Mobile App,462,2,Enterprise,Junior,15850.72
Web Development,233,5,Mid-Market,Mid-Level,13197.51
SEO,219,1,Enterprise,Junior,5920.66
Data Science,452,5,Enterprise,Junior,16583.55
SEO,98,4,Startup,Junior,2929.63
Data Science,420,5,Enterprise,Junior,22257.9
UI/UX Design,463,3,Startup,Mid-Level,17631.44
SEO,362,3,Startup,Junior,5868.85
UI/UX Design,363,5,Enterprise,Mid-Level,21939.91
Mobile App,192,3,Startup,Junior,5276.06
Mobile App,486,4,Mid-Market,Junior,12969.38
Web Development,88,2,Mid-Market,Junior,2784.95
SEO,435,3,Enterprise,Junior,10869.04
UI/UX Design,447,3,Mid-Market,Mid-Level,23252.32
Data Science,468,5,Startup,Mid-Level,30206.83
Mobile App,106,4,Mid-Market,Mid-Level,8719.59
Mobile App,120,2,Enterprise,Senior,13963.87
Data Science,27,5,Enterprise,Junior,3516.44
UI/UX Design,352,5,Startup,Junior,7691.59
UI/UX Design,219,4,Enterprise,Mid-Level,11315.25
SEO,106,2,Mid-Market,Senior,8585.77
SEO,62,4,Enterprise,Junior,3372.42
Web Development,404,2,Startup,Mid-Level,15010.0
Mobile App,128,4,Enterprise,Junior,5920.38
SEO,454,5,Mid-Market,Junior,10674.81
UI/UX Design,427,5,Startup,Mid-Level,15234.33
Data Science,171,1,Mid-Market,Mid-Level,13536.31
UI/UX Design,36,3,Startup,Junior,2005.33
Mobile App,152,4,Enterprise,Junior,7100.92
UI/UX Design,167,1,Startup,Mid-Level,5957.75
Web Development,296,3,Startup,Junior,7293.64
Mobile App,251,4,Enterprise,Junior,9136.27
Data Science,333,2,Mid-Market,Mid-Level,22188.9
Web Development,434,3,Enterprise,Junior,11084.49
Mobile App,385,5,Startup,Junior,9081.28
Data Science,247,1,Enterprise,Senior,41779.83
Web Development,158,3,Startup,Mid-Level,8098.17
Web Development,455,3,Enterprise,Senior,52730.91
Mobile App,418,5,Enterprise,Senior,54638.27
SEO,230,4,Mid-Market,Senior,15404.6
Web Development,410,2,Startup,Junior,8149.36
Web Development,47,5,Mid-Market,Junior,3350.83
Data Science,70,2,Startup,Senior,6813.5
UI/UX Design,461,4,Enterprise,Senior,43818.57
Mobile App,280,3,Startup,Senior,18630.21
Mobile App,280,2,Mid-Market,Junior,6791.71
SEO,369,1,Mid-Market,Senior,28569.95
SEO,371,1,Mid-Market,Senior,20523.77
Mobile App,27,5,Startup,Mid-Level,3527.81
SEO,339,4,Mid-Market,Mid-Level,14291.66
Data Science,157,5,Mid-Market,Junior,7268.36
Mobile App,57,5,Mid-Market,Mid-Level,5505.78
SEO,130,5,Enterprise,Mid-Level,7365.15
Mobile App,499,1,Enterprise,Mid-Level,38502.04
UI/UX Design,387,1,Startup,Junior,5825.9
Web Development,239,5,Startup,Mid-Level,12154.07
Mobile App,356,1,Mid-Market,Junior,8493.07
Web Development,242,4,Enterprise,Senior,29640.74
SEO,155,5,Mid-Market,Mid-Level,8803.21
Web Development,275,1,Mid-Market,Junior,5743.18
Mobile App,379,2,Enterprise,Mid-Level,29948.31
UI/UX Design,428,5,Enterprise,Senior,37238.54
SEO,348,5,Enterprise,Junior,9929.27
Mobile App,469,4,Startup,Junior,12105.39
SEO,482,3,Startup,Junior,7989.49
Data Science,453,3,Mid-Market,Senior,68940.23
Web Development,470,4,Startup,Senior,33807.67
Data Science,68,4,Enterprise,Senior,12220.52
Mobile App,311,4,Enterprise,Junior,14459.77
UI/UX Design,401,3,Startup,Senior,28371.06
SEO,343,4,Mid-Market,Mid-Level,12368.73
Web Development,97,1,Mid-Market,Senior,7651.49
SEO,124,5,Startup,Junior,3922.42
Mobile App,188,5,Mid-Market,Mid-Level,13307.44
SEO,236,2,Mid-Market,Senior,16966.68
Web Development,397,2,Mid-Market,Mid-Level,19871.61
Mobile App,138,5,Enterprise,Mid-Level,10608.61
SEO,209,1,Enterprise,Junior,4569.81
UI/UX Design,274,3,Startup,Mid-Level,10245.07
Mobile App,389,3,Enterprise,Mid-Level,23832.54
Mobile App,285,1,Mid-Market,Junior,6743.67
UI/UX Design,168,3,Enterprise,Junior,5964.44
Data Science,183,4,Startup,Junior,5709.45
Web Development,159,5,Enterprise,Mid-Level,13155.11
Data Science,366,5,Mid-Market,Mid-Level,29900.68
SEO,277,1,Mid-Market,Mid-Level,10182.08
UI/UX Design,393,3,Startup,Junior,6791.99
Data Science,288,2,Enterprise,Senior,49665.24
Mobile App,200,2,Enterprise,Mid-Level,13934.01
SEO,179,3,Enterprise,Senior,15293.71
SEO,370,2,Mid-Market,Junior,6905.87
Data Science,419,1,Startup,Mid-Level,18306.13
Data Science,307,1,Enterprise,Senior,41447.78
UI/UX Design,307,3,Mid-Market,Mid-Level,13541.02
Web Development,399,2,Mid-Market,Mid-Level,19809.11
Data Science,245,1,Mid-Market,Mid-Level,15711.9
Data Science,30,1,Enterprise,Senior,5087.52
Mobile App,29,4,Enterprise,Junior,2758.81
SEO,290,4,Enterprise,Mid-Level,16837.57
Web Development,292,1,Enterprise,Junior,8259.09
Mobile App,443,3,Enterprise,Junior,15748.06
UI/UX Design,421,5,Enterprise,Senior,43829.58
UI/UX Design,202,5,Enterprise,Senior,21554.92
Data Science,476,1,Enterprise,Junior,18165.92
Data Science,172,1,Enterprise,Mid-Level,17297.99
UI/UX Design,334,1,Mid-Market,Senior,24925.27
Data Science,353,3,Enterprise,Mid-Level,31962.42
Web Development,143,4,Startup,Mid-Level,7143.54
Data Science,492,1,Mid-Market,Mid-Level,33610.49
SEO,133,1,Enterprise,Junior,3217.78
Data Science,297,2,Startup,Mid-Level,17753.47
Mobile App,433,3,Enterprise,Junior,13745.29
Web Development,487,1,Startup,Junior,7619.71
Mobile App,232,2,Startup,Mid-Level,11582.92
Mobile App,191,5,Startup,Mid-Level,10631.36
SEO,307,1,Startup,Mid-Level,10200.47
Web Development,454,1,Mid-Market,Mid-Level,21765.34
Web Development,193,2,Mid-Market,Junior,4646.69
Web Development,132,3,Startup,Mid-Level,6525.29
Web Development,395,1,Enterprise,Mid-Level,26373.91
Web Development,424,5,Startup,Junior,9587.23
SEO,141,1,Mid-Market,Senior,10124.62
Data Science,51,5,Enterprise,Senior,10319.34
Mobile App,241,4,Mid-Market,Junior,8358.37
Web Development,138,4,Mid-Market,Senior,12398.92
Data Science,58,5,Enterprise,Junior,4838.58
Data Science,287,3,Startup,Mid-Level,20980.22
Mobile App,252,1,Startup,Mid-Level,11973.05
SEO,450,1,Startup,Senior,22570.68
UI/UX Design,37,4,Startup,Mid-Level,3148.06
UI/UX Design,168,5,Enterprise,Senior,18112.62
Data Science,416,1,Enterprise,Senior,70920.24
Mobile App,168,1,Enterprise,Mid-Level,12465.52
UI/UX Design,145,3,Mid-Market,Mid-Level,6991.65
Data Science,411,2,Enterprise,Senior,60946.56
SEO,321,4,Startup,Mid-Level,11385.37
UI/UX Design,379,4,Mid-Market,Junior,8850.92
Data Science,257,2,Startup,Mid-Level,15509.42
Data Science,154,1,Startup,Mid-Level,9578.98
Web Development,170,3,Enterprise,Junior,7125.49
SEO,255,3,Enterprise,Mid-Level,11689.21
Web Development,243,4,Startup,Mid-Level,11348.87
Mobile App,222,3,Startup,Senior,18717.21
Web Development,275,2,Mid-Market,Mid-Level,11092.34
Web Development,105,1,Enterprise,Mid-Level,7410.02
UI/UX Design,169,2,Mid-Market,Junior,4170.12
Data Science,254,5,Mid-Market,Senior,35417.81
SEO,364,4,Mid-Market,Senior,21337.03
Web Development,41,3,Startup,Senior,4066.16
SEO,367,5,Mid-Market,Mid-Level,14286.16
Web Development,304,3,Mid-Market,Senior,31080.66
Mobile App,288,1,Startup,Junior,6662.49
Web Development,485,1,Enterprise,Senior,47505.2
UI/UX Design,277,1,Enterprise,Junior,5985.78
Data Science,48,3,Mid-Market,Senior,7371.78
Mobile App,232,5,Startup,Senior,22264.03
Web Development,482,1,Enterprise,Junior,10857.63
SEO,455,5,Mid-Market,Senior,28906.67
Mobile App,302,3,Mid-Market,Senior,27286.69
Mobile App,69,5,Startup,Senior,8258.61
Web Development,114,3,Mid-Market,Mid-Level,6440.28
Mobile App,482,3,Enterprise,Junior,16045.24
SEO,426,4,Startup,Senior,24192.14
Mobile App,107,3,Enterprise,Junior,4545.19
SEO,63,3,Enterprise,Junior,2621.22
Web Development,480,2,Enterprise,Junior,15189.37
Data Science,297,1,Mid-Market,Senior,41352.3
Mobile App,190,4,Mid-Market,Senior,20567.56
Data Science,440,4,Enterprise,Junior,19592.7
SEO,208,4,Enterprise,Mid-Level,12961.92
Mobile App,372,2,Startup,Junior,8254.29
UI/UX Design,203,3,Startup,Mid-Level,7801.56
Data Science,22,1,Mid-Market,Junior,1162.6
Mobile App,210,5,Mid-Market,Junior,8242.16
Data Science,137,3,Startup,Junior,4805.53
Mobile App,38,2,Enterprise,Senior,5424.95
Web Development,42,3,Mid-Market,Mid-Level,3417.78
Data Science,432,3,Enterprise,Mid-Level,41895.61
UI/UX Design,49,2,Startup,Junior,1743.44
UI/UX Design,314,4,Mid-Market,Senior,25857.82
SEO,127,4,Mid-Market,Senior,9456.08
Mobile App,386,1,Startup,Mid-Level,18459.36
Data Science,300,1,Mid-Market,Senior,36602.48
SEO,147,4,Startup,Mid-Level,5932.26
Data Science,248,5,Mid-Market,Mid-Level,20515.84
Mobile App,130,3,Startup,Mid-Level,6861.24
UI/UX Design,155,5,Mid-Market,Senior,11903.08
Web Development,381,3,Enterprise,Mid-Level,21558.31
UI/UX Design,205,4,Enterprise,Mid-Level,12597.2
SEO,163,1,Enterprise,Junior,4086.47
Web Development,91,1,Mid-Market,Mid-Level,4241.16
SEO,148,5,Mid-Market,Mid-Level,7699.78
Mobile App,383,1,Enterprise,Junior,10995.8
Web Development,280,4,Enterprise,Junior,9994.92
SEO,22,5,Startup,Senior,3819.84
Mobile App,468,3,Startup,Mid-Level,24971.18
UI/UX Design,407,1,Startup,Senior,26205.42
Mobile App,123,2,Enterprise,Senior,17674.39
Data Science,243,1,Enterprise,Junior,8013.48
Mobile App,339,3,Enterprise,Senior,44556.77
Mobile App,381,5,Startup,Mid-Level,18142.67
Data Science,373,3,Mid-Market,Junior,13675.24
SEO,492,2,Enterprise,Mid-Level,18182.63
SEO,29,4,Mid-Market,Mid-Level,3064.15
Mobile App,424,1,Mid-Market,Junior,10457.78
Data Science,403,5,Mid-Market,Mid-Level,32744.91
Data Science,321,4,Startup,Junior,10896.57
UI/UX Design,250,3,Mid-Market,Mid-Level,10684.54
SEO,238,5,Enterprise,Junior,7012.93
Web Development,430,4,Startup,Senior,30154.33
SEO,85,5,Enterprise,Mid-Level,7167.69
SEO,444,2,Enterprise,Junior,10290.74
UI/UX Design,131,2,Startup,Mid-Level,4701.47
Web Development,32,1,Enterprise,Mid-Level,2258.58
UI/UX Design,412,1,Enterprise,Mid-Level,22631.42
Web Development,439,2,Startup,Junior,8192.72
Mobile App,105,5,Enterprise,Senior,14681.36
Web Development,253,2,Mid-Market,Senior,19973.4
UI/UX Design,109,1,Enterprise,Senior,9700.97
SEO,333,2,Mid-Market,Junior,6936.02
Web Development,73,2,Enterprise,Senior,7958.24
Web Development,31,5,Startup,Junior,2972.95
Data Science,228,4,Startup,Mid-Level,13704.71
SEO,481,1,Enterprise,Mid-Level,19395.66
Mobile App,33,5,Startup,Senior,4815.58
UI/UX Design,140,2,Enterprise,Junior,4678.34
Mobile App,437,2,Startup,Mid-Level,17595.46
SEO,456,4,Mid-Market,Junior,8592.93
Web Development,396,1,Enterprise,Junior,9424.01
Web Development,39,1,Mid-Market,Mid-Level,2239.1
SEO,94,3,Mid-Market,Junior,3287.58
Web Development,419,1,Enterprise,Mid-Level,24686.25
Web Development,262,4,Mid-Market,Mid-Level,13868.71
Web Development,242,3,Enterprise,Mid-Level,14530.89
UI/UX Design,89,3,Mid-Market,Junior,3092.13
UI/UX Design,331,2,Enterprise,Mid-Level,20569.03
Data Science,230,2,Enterprise,Junior,10098.19
Mobile App,120,1,Startup,Mid-Level,6789.11
SEO,205,3,Enterprise,Mid-Level,12302.34
SEO,151,2,Enterprise,Senior,13454.76
SEO,130,4,Mid-Market,Senior,10231.98
Data Science,400,2,Enterprise,Senior,73576.96
UI/UX Design,151,2,Startup,Junior,3204.26
Data Science,39,3,Mid-Market,Junior,2834.84
SEO,413,3,Mid-Market,Mid-Level,19345.92
Mobile App,43,5,Startup,Mid-Level,4319.66
Web Development,246,4,Mid-Market,Mid-Level,13459.61
UI/UX Design,173,3,Mid-Market,Mid-Level,9193.14
UI/UX Design,312,1,Mid-Market,Junior,6547.03
Data Science,249,4,Mid-Market,Mid-Level,20085.69
UI/UX Design,488,4,Startup,Mid-Level,15702.82
SEO,329,3,Startup,Senior,16915.66
SEO,378,4,Mid-Market,Mid-Level,14934.04
Data Science,424,3,Mid-Market,Mid-Level,33595.67
SEO,221,2,Startup,Mid-Level,6578.51
Mobile App,57,5,Startup,Junior,3761.1
Data Science,449,2,Startup,Senior,47465.4
Mobile App,279,3,Mid-Market,Mid-Level,18304.96
Web Development,207,3,Mid-Market,Mid-Level,9949.14
Mobile App,76,2,Enterprise,Senior,10553.38
Web Development,448,1,Startup,Mid-Level,17110.13
Web Development,39,1,Mid-Market,Junior,1299.89
Mobile App,292,1,Startup,Mid-Level,13487.35
Data Science,138,3,Mid-Market,Junior,5525.52
SEO,90,4,Startup,Junior,3167.58
SEO,23,3,Mid-Market,Mid-Level,2413.58
Web Development,240,4,Enterprise,Senior,24048.39
Web Development,33,2,Enterprise,Junior,1990.74
Data Science,22,5,Startup,Senior,4819.38
UI/UX Design,235,4,Mid-Market,Mid-Level,10598.87
Mobile App,248,1,Mid-Market,Junior,6680.46
Web Development,355,3,Startup,Mid-Level,15432.12
SEO,205,2,Mid-Market,Senior,12499.3
Data Science,74,1,Startup,Mid-Level,4512.77
Mobile App,407,2,Mid-Market,Mid-Level,22805.44
Data Science,395,5,Startup,Junior,11367.99
Mobile App,273,3,Mid-Market,Mid-Level,16378.15
Mobile App,43,3,Startup,Mid-Level,3246.09
Web Development,181,5,Mid-Market,Mid-Level,11764.37
Data Science,177,3,Enterprise,Junior,7970.43
Data Science,101,4,Mid-Market,Senior,15079.88
SEO,422,2,Startup,Senior,19029.71
SEO,178,1,Enterprise,Mid-Level,8695.61
Web Development,207,5,Mid-Market,Junior,6645.1
Web Development,79,4,Enterprise,Mid-Level,6531.71
UI/UX Design,422,1,Mid-Market,Senior,29679.83
SEO,324,1,Enterprise,Junior,6789.35
Mobile App,338,5,Startup,Senior,30417.07
Data Science,385,4,Mid-Market,Senior,52817.5
Web Development,230,1,Mid-Market,Junior,5062.21
Data Science,425,1,Startup,Junior,9581.43
Data Science,171,4,Enterprise,Mid-Level,19697.12
UI/UX Design,128,3,Startup,Mid-Level,5282.33
SEO,95,1,Startup,Senior,4654.14
Web Development,49,2,Enterprise,Junior,2017.59
Data Science,333,4,Startup,Junior,10071.48
Web Development,136,1,Mid-Market,Mid-Level,6486.94
Mobile App,434,5,Mid-Market,Senior,48459.38
UI/UX Design,375,2,Mid-Market,Senior,29649.93
Mobile App,211,1,Startup,Mid-Level,9879.72
Web Development,38,2,Mid-Market,Junior,1739.38
Web Development,451,2,Mid-Market,Mid-Level,23547.7
SEO,192,3,Mid-Market,Mid-Level,9702.74
Data Science,247,2,Mid-Market,Mid-Level,19354.72
Data Science,369,3,Mid-Market,Mid-Level,25252.96
Mobile App,202,4,Mid-Market,Junior,7226.9
UI/UX Design,132,3,Startup,Mid-Level,5604.83
Data Science,202,5,Mid-Market,Junior,7890.33
SEO,165,1,Mid-Market,Mid-Level,5905.97
Mobile App,338,4,Enterprise,Senior,42671.52
Mobile App,135,4,Startup,Junior,4618.95
SEO,132,5,Startup,Senior,10651.02
UI/UX Design,270,3,Startup,Mid-Level,9476.7
SEO,495,1,Startup,Mid-Level,16642.77
UI/UX Design,270,3,Mid-Market,Mid-Level,12088.08
SEO,322,2,Mid-Market,Junior,5113.16
SEO,478,3,Enterprise,Senior,39258.35
Web Development,332,4,Enterprise,Junior,11647.72
Mobile App,137,1,Startup,Junior,3221.06
SEO,320,3,Enterprise,Mid-Level,17081.71
SEO,180,1,Enterprise,Senior,17465.57
Data Science,420,1,Startup,Mid-Level,20829.59
Mobile App,217,2,Startup,Junior,4728.2
Data Science,279,2,Enterprise,Mid-Level,19940.13
Mobile App,167,4,Mid-Market,Senior,19438.14
Data Science,259,5,Enterprise,Mid-Level,26505.62
SEO,66,1,Enterprise,Senior,6388.74
SEO,494,5,Mid-Market,Senior,30375.79
Web Development,418,4,Mid-Market,Mid-Level,17792.41
Data Science,217,1,Startup,Junior,5020.74
UI/UX Design,66,1,Startup,Mid-Level,2441.12
Web Development,97,5,Enterprise,Junior,5413.91
Data Science,143,3,Mid-Market,Junior,6219.05
Data Science,94,2,Startup,Mid-Level,5843.41
Web Development,378,3,Enterprise,Junior,11622.1
SEO,156,5,Mid-Market,Junior,4826.68
Data Science,109,2,Enterprise,Mid-Level,10913.17
SEO,419,3,Startup,Mid-Level,12193.84
Web Development,344,2,Startup,Mid-Level,14313.11
SEO,80,1,Mid-Market,Junior,1671.24
Mobile App,157,3,Enterprise,Senior,22672.68
UI/UX Design,69,2,Mid-Market,Junior,2188.91
Data Science,278,2,Startup,Senior,25579.45
UI/UX Design,480,2,Startup,Mid-Level,19060.53
SEO,126,3,Enterprise,Senior,12168.7
Data Science,132,4,Enterprise,Mid-Level,13209.82
SEO,369,3,Enterprise,Mid-Level,20078.51
Mobile App,273,5,Mid-Market,Senior,25196.15
Web Development,137,3,Enterprise,Mid-Level,10401.6
Data Science,217,2,Enterprise,Senior,34379.95
Mobile App,356,1,Startup,Mid-Level,16803.16
Mobile App,384,3,Startup,Junior,7731.58
Data Science,70,3,Enterprise,Junior,4125.6
SEO,264,2,Enterprise,Mid-Level,13360.86
Mobile App,422,1,Startup,Mid-Level,20608.68
UI/UX Design,445,1,Enterprise,Senior,44986.05
Mobile App,54,5,Mid-Market,Junior,3745.13
SEO,321,3,Mid-Market,Senior,22697.19
SEO,429,1,Mid-Market,Mid-Level,17884.65
UI/UX Design,88,1,Enterprise,Mid-Level,5040.54
Mobile App,368,4,Startup,Senior,29389.47
SEO,339,4,Enterprise,Mid-Level,14867.15
Data Science,440,1,Enterprise,Junior,17181.11
Web Development,487,5,Startup,Senior,28245.93
Web Development,68,1,Startup,Junior,1575.56
Web Development,424,2,Startup,Junior,8454.35
Mobile App,93,3,Mid-Market,Junior,3258.9
UI/UX Design,211,5,Enterprise,Senior,24687.11
SEO,280,2,Startup,Mid-Level,8797.71
Data Science,375,5,Enterprise,Junior,17085.27
Data Science,89,2,Mid-Market,Junior,3535.85
Mobile App,109,3,Mid-Market,Junior,3667.82
Web Development,279,3,Startup,Mid-Level,10757.57
Mobile App,145,4,Startup,Mid-Level,9577.82
UI/UX Design,250,2,Enterprise,Senior,21835.25
UI/UX Design,314,4,Startup,Mid-Level,10557.48
SEO,438,2,Enterprise,Senior,37956.49
SEO,148,4,Startup,Senior,9512.6
UI/UX Design,299,3,Enterprise,Senior,28581.52
UI/UX Design,332,5,Enterprise,Senior,33620.1
